white_pawns,white_rooks,white_knights,white_bishops,white_queens,white_kings,black_pawns,black_rooks,black_knights,black_bishops,black_queens,black_kings,turn,score
2147597824,258,67108992,2097160,32,16,143552238122434560,144115188075855873,288230651029618688,5188146770730811392,2305843009213693952,1152921504606846976,0,0.0000000000000000
2147597824,258,68719476864,2097160,32,16,143552238122434560,144115188075855873,288230651029618688,5188146770730811392,2305843009213693952,1152921504606846976,1,0.0000000000000000
549824027136,258,132,72,9007199254740992,16,134545038867693568,144115188075855873,288230376168488960,-8646911284551352320,2305843009213693952,1152921504606846976,1,0
549824027136,258,132,72,0,16,134545038867693568,144115188075855873,288230376168488960,-8646911284551352320,9007199254740992,1152921504606846976,0,0.0000000000000000
549824027136,258,68,8,0,16,134545038867693568,144115188075855873,288230376168488960,-8646911284551352320,9007199254740992,1152921504606846976,1,0.0000000000000000
549823994368,258,68,8,0,16,134545038867693568,144115188075855873,288230376151744512,-8646911284551352320,9007199254740992,1152921504606846976,0,0.0000000000000000
549823994368,258,132,8,0,16,134545038867693568,144115188075855873,288230376151744512,-8646911284551352320,9007199254740992,1152921504606846976,1,0.0000000000000000
549823994368,2,132,8,0,16,134545038867693568,144115188075855873,288230376151712000,-8646911284551352320,9007199254740992,1152921504606846976,0,1.0000000000000000
549823994368,2,2147483652,8,0,16,134545038867693568,144115188075855873,288230376151712000,-8646911284551352320,9007199254740992,1152921504606846976,1,0.0000000000000000
549823994368,2,2147483652,8,0,16,62487444829765632,144115188075855873,288230376151712000,-8646911284551352320,9007199254740992,1152921504606846976,0,0.0000000000000000
549823994368,2,2147483680,8,0,16,62487444829765632,144115188075855873,288230376151712000,-8646911284551352320,9007199254740992,1152921504606846976,1,1.0000000000000000
549823994368,2,2147483680,8,0,16,58001437388439552,144115188075855873,288230376151712000,-8646911284551352320,9007199254740992,1152921504606846976,0,1.0000000000000000
549823994368,2,2147483680,8192,0,16,58001437388439552,144115188075855873,288230376151712000,-8646911284551352320,9007199254740992,1152921504606846976,1,0.0000000000000000
549823994368,2,2147483680,8192,0,16,21972640637911040,144115188075855873,288230376151712000,-8646911284551352320,9007199254740992,1152921504606846976,0,0.0000000000000000
550359816704,2,2147483680,8192,0,16,21972640637911040,144115188075855873,288230376151712000,-8646911284551352320,9007199254740992,1152921504606846976,1,1.0000000000000000
550359816704,2,32,8192,0,16,21972640637911040,144115188075855873,288230376151712000,-9223372034707292160,9007199254740992,1152921504606846976,0,1.0000000000000000
550359816704,2,32,2147483648,0,16,21972640637911040,144115188075855873,288230376151712000,-9223372036854775808,9007199254740992,1152921504606846976,1,0.0000000000000000
550359816704,2,32,2147483648,0,16,3958517006336000,144115188075855873,288230376151712000,-9223372036854775808,9007199254740992,1152921504606846976,0,0.0000000000000000
550359816704,2,32,274877906944,0,16,3958242128429056,144115188075855873,288230376151712000,-9223372036854775808,9007199254740992,1152921504606846976,1,0.0000000000000000
550359816704,2,32,274877906944,0,16,3958242128429056,144115188075855873,288230376151712000,-9223372036854775808,2097152,1152921504606846976,0,0.0000000000000000
550361897472,2,32,274877906944,0,16,3958242128429056,144115188075855873,288230376151712000,-9223372036854775808,0,1152921504606846976,1,1.0000000000000000
550361897472,2,32,274877906944,0,16,3958242128429056,144115188075855873,288230376151728128,-9223372036854775808,0,1152921504606846976,0,0.0000000000000000
550361897472,2,64,274877906944,0,16,3958242128429056,144115188075855873,288230376151728128,-9223372036854775808,0,1152921504606846976,1,0.0000000000000000
550361896960,2,64,274877906944,0,16,3958242128429056,144115188075855873,288230376151728128,512,0,1152921504606846976,0,1.0000000000000000
550361896960,2,64,274877906944,0,8,3958242128429056,144115188075855873,288230376151728128,512,0,1152921504606846976,1,1.0000000000000000
550361896960,2,64,274877906944,0,8,3958242128429056,144115188075855873,288230376151719936,512,0,1152921504606846976,0,0.0000000000000000
4316672,258,128,2097160,32,16,137940330774265856,144115188075855873,1407374883553280,4899916394579099648,2305843009213693952,1152921504606846976,0,0
4316672,258,2097152,8,32,16,137940330774265856,144115188075855873,1407374883553280,4899916394579099648,2305843009213693952,1152921504606846976,1,0.0000000000000000
4316672,258,2097152,8,32,16,137940330774265856,144115188075855873,281509336449024,4899916394579099648,2305843009213693952,1152921504606846976,0,1.0000000000000000
4316672,258,2097152,262144,32,16,137940330774265856,144115188075855873,281509336449024,4899916394579099648,2305843009213693952,1152921504606846976,1,0.0000000000000000
4316672,258,2097152,262144,32,16,128933131519524864,144115188075855873,281509336449024,297237575406452736,2305843009213693952,1152921504606846976,0,0.0000000000000000
4316672,258,2097152,34359738368,32,16,128933131519524864,144115188075855873,281474976710656,297237575406452736,2305843009213693952,1152921504606846976,1,1.0000000000000000
4316672,258,2097152,34359738368,32,16,128933131519524864,144115188075855873,281474976710656,297237575406452736,8796093022208,1152921504606846976,0,1.0000000000000000
4316672,258,2097152,268435456,32,16,128933131519524864,144115188075855873,281474976710656,297237575406452736,8796093022208,1152921504606846976,1,1.0000000000000000
4316672,258,2097152,268435456,32,16,128933131519524864,144115188075855873,281474976710656,297237575406452736,1125899906842624,1152921504606846976,0,1.0000000000000000
4316672,262400,2097152,268435456,32,16,128933131519524864,144115188075855873,281474976710656,297237575406452736,1125899906842624,1152921504606846976,1,0.0000000000000000
4316672,262400,2097152,268435456,32,16,92904334500560898,144115188075855873,281474976710656,297237575406452736,1125899906842624,1152921504606846976,0,0.0000000000000000
4316672,1125899906842880,2097152,268435456,32,16,92904334500560898,144115188075855873,281474976710656,297237575406452736,0,1152921504606846976,1,1.0000000000000000
4316672,256,2097152,268435456,32,16,92904334500560898,144115188075855873,281474976710656,10133099161583616,0,1152921504606846976,0,1.0000000000000000
4316672,256,2097152,1,32,16,92904334500560898,144115188075855872,281474976710656,10133099161583616,0,1152921504606846976,1,1.0000000000000000
4315648,256,2097152,1,32,16,92904334500561920,144115188075855872,281474976710656,10133099161583616,0,1152921504606846976,0,1.0000000000000000
4315648,256,2097152,1024,32,16,92904334500560896,144115188075855872,281474976710656,10133099161583616,0,1152921504606846976,1,0.0000000000000000
4315648,256,2097152,1024,32,16,92904334500560896,144115188075855872,281474976710656,1125899906842624,0,9007199254740992,0,0.0000000000000000
4315648,256,2147483648,1024,32,16,92904334500560896,144115188075855872,281474976710656,1125899906842624,0,9007199254740992,1,1.0000000000000000
4315648,256,2147483648,1024,32,16,92904334500560896,144115188075855872,281474976710656,1125899906842624,0,1152921504606846976,0,1.0000000000000000
4315648,256,281474976710656,1024,32,16,92904334500560896,144115188075855872,0,1125899906842624,0,1152921504606846976,1,0.0000000000000000
4315648,256,281474976710656,1024,32,16,92904334500560896,144115188075855872,0,1125899906842624,0,9007199254740992,0,0.0000000000000000
4315648,256,281474976710656,1024,2097152,16,92904334500560896,144115188075855872,0,1125899906842624,0,9007199254740992,1,1.0000000000000000
4315648,256,281474976710656,1024,2097152,16,92904334500560896,144115188075855872,0,1125899906842624,0,4503599627370496,0,0.0000000000000000
2147604992,256,281474976710656,1024,2097152,16,92904334500560896,144115188075855872,0,1125899906842624,0,4503599627370496,1,0.0000000000000000
2147572224,256,281474976710656,1024,2097152,16,92904334500560896,144115188075855872,0,32768,0,4503599627370496,0,0.0000000000000000
2147572224,256,281474976710656,1024,137438953472,16,92904334500560896,144115188075855872,0,32768,0,4503599627370496,1,0.0000000000000000
2147572224,256,281474976710656,1024,0,16,92886879753469952,144115188075855872,0,32768,0,4503599627370496,0,1.0000000000000000
2147572224,256,281474976710656,137438953472,0,16,92886742314516480,144115188075855872,0,32768,0,4503599627370496,1,0.0000000000000000
2147572224,256,281474976710656,137438953472,0,16,75013081293389824,144115188075855872,0,32768,0,4503599627370496,0,0.0000000000000000
2147572224,8388608,281474976710656,137438953472,0,16,75013081293389824,144115188075855872,0,32768,0,4503599627370496,1,1.0000000000000000
2147572224,8388608,281474976710656,137438953472,0,16,75013081293389824,144115188075855872,0,32768,0,1152921504606846976,0,0.0000000000000000
2147572224,8388608,281474976710656,137438953472,0,32,75013081293389824,144115188075855872,0,32768,0,1152921504606846976,1,0.0000000000000000
2147572224,0,281474976710656,137438953472,0,32,75013081293389824,144115188075855872,0,8388608,0,1152921504606846976,0,0.0000000000000000
2147572224,0,281474976710656,137438953472,0,64,75013081293389824,144115188075855872,0,8388608,0,1152921504606846976,1,0.0000000000000000
2147572224,0,281474976710656,0,0,64,75013081293389824,144115188075855872,0,137438953472,0,1152921504606846976,0,0.0000000000000000
2147572224,0,281474976710656,0,0,128,75013081293389824,144115188075855872,0,137438953472,0,1152921504606846976,1,0.0000000000000000
2147572224,0,281474976710656,0,0,128,75013081293389824,288230376151711744,0,137438953472,0,1152921504606846976,0,0.0000000000000000
2147572224,0,281474976710656,0,0,256,75013081293389824,288230376151711744,0,137438953472,0,1152921504606846976,1,0.0000000000000000
2147572224,0,281474976710656,0,0,256,75013081293389824,288230376151711744,0,536870912,0,1152921504606846976,0,0.0000000000000000
2147572224,0,281474976710656,0,0,128,75013081293389824,288230376151711744,0,536870912,0,1152921504606846976,1,0.0000000000000000
2147572224,0,281474976710656,0,0,128,75013081293389824,4,0,536870912,0,1152921504606846976,0,0.0000000000000000
277010944,258,132,72,32,16,107664178591825920,144115188075855873,-9223372002495037440,612489549322387456,2305843009213693952,1152921504606846976,0,0
277531136,258,132,72,32,16,107664178591825920,144115188075855873,-9223372002495037440,612489549322387456,2305843009213693952,1152921504606846976,1,0.0000000000000000
277531136,258,132,72,32,16,107664178591825920,144115188075855873,36507222016,612489549322387456,2305843009213693952,1152921504606846976,0,0.0000000000000000
277531136,258,2147483652,72,32,16,107664178591825920,144115188075855873,34359738368,612489549322387456,2305843009213693952,1152921504606846976,1,1.0000000000000000
277531136,258,2147483652,72,32,16,107664178591825920,144115188075855873,8796093022208,612489549322387456,2305843009213693952,1152921504606846976,0,0.0000000000000000
277531136,258,2147483652,8200,32,16,107664178591825920,144115188075855873,8796093022208,612489549322387456,2305843009213693952,1152921504606846976,1,0.0000000000000000
277531136,258,2147483652,8200,32,16,103178171150499840,144115188075855873,8796093022208,612489549322387456,2305843009213693952,1152921504606846976,0,1.0000000000000000
277531136,258,2147483652,549755822080,32,16,103178171150499840,144115188075855873,8796093022208,612489549322387456,2305843009213693952,1152921504606846976,1,1.0000000000000000
277531136,258,2147483652,549755822080,32,16,103178171150499840,144115188075855873,8796093022208,36029071896870912,2305843009213693952,1152921504606846976,0,1.0000000000000000
277531136,258,2147483652,549760008192,32,16,103178171150499840,144115188075855873,8796093022208,36029071896870912,2305843009213693952,1152921504606846976,1,1.0000000000000000
277531136,258,2147483652,549760008192,32,16,103178171150499840,144115188075855873,8796093022208,4611686293305294848,2305843009213693952,1152921504606846976,0,1.0000000000000000
277531136,258,2147483652,6291456,32,16,103178171150499840,144115188075855873,8796093022208,4611686293305294848,2305843009213693952,1152921504606846976,1,0.0000000000000000
277531136,258,2147483652,6291456,32,16,94170971895758848,144115188075855873,8796093022208,9007474132647936,2305843009213693952,1152921504606846976,0,0.0000000000000000
277531136,258,2147487744,6291456,32,16,94170971895758848,144115188075855873,8796093022208,9007474132647936,2305843009213693952,1152921504606846976,1,1.0000000000000000
277531136,258,2147487744,6291456,32,16,94170971895758848,144115188075855873,8796093022208,13510798882111488,2305843009213693952,1152921504606846976,0,1.0000000000000000
68728572416,258,2147487744,6291456,32,16,94170971895758848,144115188075855873,8796093022208,13510798882111488,2305843009213693952,1152921504606846976,1,1.0000000000000000
68728572416,258,2147487744,6291456,32,16,94170971895758848,144115188075855873,17179869184,13510798882111488,2305843009213693952,1152921504606846976,0,1.0000000000000000
68728572416,258,2684354560,6291456,32,16,94170971895758848,144115188075855873,17179869184,13510798882111488,2305843009213693952,1152921504606846976,1,1.0000000000000000
68728441344,258,2684354560,6291456,32,16,94170971895758848,144115188075855873,131072,13510798882111488,2305843009213693952,1152921504606846976,0,1.0000000000000000
68728441344,258,2684354560,6291456,32,8,94170971895758848,144115188075855873,131072,13510798882111488,2305843009213693952,1152921504606846976,1,1.0000000000000000
68728441344,258,2684354560,6291456,32,8,94170971895758848,144115188075855873,17179869184,13510798882111488,2305843009213693952,1152921504606846976,0,1.0000000000000000
68728441344,258,805306368,6291456,32,8,94170971895758848,144115188075855873,17179869184,13510798882111488,2305843009213693952,1152921504606846976,1,1.0000000000000000
68728441344,258,805306368,6291456,32,8,94170971895758848,144115188075855873,131072,13510798882111488,2305843009213693952,1152921504606846976,0,1.0000000000000000
68729487872,258,805306368,6291456,32,8,94170971895758848,144115188075855873,131072,13510798882111488,2305843009213693952,1152921504606846976,1,1.0000000000000000
68729487872,258,805306368,6291456,32,8,94170971895758848,144115188075855873,131072,9007216434610176,2305843009213693952,1152921504606846976,0,1.0000000000000000
68729487872,258,805306368,6291456,4096,8,94170971895758848,144115188075855873,131072,9007216434610176,2305843009213693952,1152921504606846976,1,1.0000000000000000
68729487872,258,805306368,6291456,4096,8,94170971895758848,144115188075855873,131072,9007233614479360,2305843009213693952,1152921504606846976,0,0.0000000000000000
68997906944,258,536870912,6291456,4096,8,94170971895758848,144115188075855873,131072,9007233614479360,2305843009213693952,1152921504606846976,1,0.0000000000000000
68997906944,258,536870912,6291456,4096,8,94170971895758848,144115188075855873,131072,9007216434610176,2305843009213693952,1152921504606846976,0,1.0000000000000000
68997906944,258,536870912,2149580800,4096,8,94170971895758848,144115188075855873,131072,9007216434610176,2305843009213693952,1152921504606846976,1,1.0000000000000000
68997906944,258,536870912,2149580800,4096,8,22394852834541568,144115188075855873,131072,9007216434610176,2305843009213693952,1152921504606846976,0,1.0000000000000000
68997906944,258,536870912,281477124194304,4096,8,22113377857830912,144115188075855873,131072,9007216434610176,2305843009213693952,1152921504606846976,1,1.0000000000000000
68997906944,258,536870912,281477124194304,4096,8,4169348092526592,144115188075855873,131072,9007216434610176,2305843009213693952,1152921504606846976,0,1.0000000000000000
68997906944,258,70368744177664,281477124194304,4096,8,4098979348348928,144115188075855873,131072,9007216434610176,2305843009213693952,1152921504606846976,1,1.0000000000000000
68997906944,258,70368744177664,2147483648,4096,8,4098979348348928,144396663052566528,131072,9007216434610176,2305843009213693952,1152921504606846976,0,1.0000000000000000
68997906944,258,70368744177664,2147483648,281474976710656,8,4098979348348928,144115188075855872,131072,9007216434610176,2305843009213693952,1152921504606846976,1,0.0000000000000000
68997906944,258,70368744177664,2147483648,281474976710656,8,4098979348348928,144115188075855872,131072,9007216434610176,33554432,1152921504606846976,0,0.0000000000000000
68997906944,258,-9223372036854775808,2147483648,281474976710656,8,4098979348348928,144115188075855872,131072,9007216434610176,33554432,1152921504606846976,1,1.0000000000000000
68997906944,258,-9223372036854775808,2147483648,281474976710656,8,4098979348348928,144115188075855872,131072,9007216434610176,33554432,2305843009213693952,0,0.0000000000000000
68997906944,258,-9223372036854775808,2147483648,17592186044416,8,4081387162304512,144115188075855872,131072,9007216434610176,33554432,2305843009213693952,1,0.0000000000000000
68997906944,258,-9223372036854775808,2147483648,0,8,4081387162304512,144115188075855872,131072,17609365913600,33554432,2305843009213693952,0,1.0000000000000000
68997906944,34,-9223372036854775808,2147483648,0,8,4081387162304512,144115188075855872,131072,17609365913600,33554432,2305843009213693952,1,1.0000000000000000
68997906944,34,-9223372036854775808,2147483648,0,8,4081387162304512,144115188075855872,131072,17609365913600,33554432,4611686018427387904,0,1.0000000000000000
68997906944,66,-9223372036854775808,2147483648,0,8,4081387162304512,144115188075855872,131072,17609365913600,33554432,4611686018427387904,1,1.0000000000000000
68997906944,66,0,2147483648,0,8,4081387162304512,144115188075855872,131072,17609365913600,33554432,-9223372036854775808,0,1.0000000000000000
68997906944,34,0,2147483648,0,8,4081387162304512,144115188075855872,131072,17609365913600,33554432,-9223372036854775808,1,1.0000000000000000
68997906432,34,0,2147483648,0,8,4081387162304512,144115188075855872,512,17609365913600,33554432,-9223372036854775808,0,1.0000000000000000
68997906432,544,0,2147483648,0,8,4081387162304512,144115188075855872,0,17609365913600,33554432,-9223372036854775808,1,1.0000000000000000
68997906432,32,0,2147483648,0,8,4081387162304512,144115188075855872,0,17609365913600,512,-9223372036854775808,0,1.0000000000000000
68997906432,32,0,70368744177664,0,8,4081387162304512,144115188075855872,0,17609365913600,512,-9223372036854775808,1,1.0000000000000000
68997906432,32,0,70368744177664,0,8,4081387162304512,144115188075855872,0,17609365913600,512,4611686018427387904,0,1.0000000000000000
68997906432,2097152,0,70368744177664,0,8,4081387162304512,144115188075855872,0,17609365913600,512,4611686018427387904,1,1.0000000000000000
68997906432,2097152,0,70368744177664,0,8,4081387162304512,144115188075855872,0,17180000256,512,4611686018427387904,0,0.0000000000000000
68997906432,2097152,0,70368744177664,0,1024,4081387162304512,144115188075855872,0,17180000256,512,4611686018427387904,1,0.0000000000000000
68997906432,2097152,0,70368744177664,0,1024,4081387162304512,144115188075855872,0,17180000256,262144,4611686018427387904,0,1.0000000000000000
68997906432,2097152,0,70368744177664,0,2,4081387162304512,144115188075855872,0,17180000256,262144,4611686018427387904,1,1.0000000000000000
68997906432,2097152,0,70368744177664,0,2,4081387162304512,144115188075855872,0,17179870208,262144,4611686018427387904,0,0.0000000000000000
549757739520,258,132,2097160,32,16,142991487192268800,144115188075855873,299067162755072,5188146770730811392,2305843009213693952,1152921504606846976,0,1.0000000000000000
5338624,258,16777220,8388616,32,16,60552304364879872,144115188075855873,-8935141660703064064,5188146770730811392,2305843009213693952,70368744177664,0,1.5849625007211562
272725504,258,16777220,8388616,32,16,60552304364879872,144115188075855873,-8935141660703064064,5188146770730811392,2305843009213693952,70368744177664,1,0.0000000000000000
272725504,258,16777220,8388616,32,16,60552304364879872,144115188076380160,-8935141660703064064,5188146770730811392,2305843009213693952,70368744177664,0,0.0000000000000000
272725504,258,16777220,4294967304,32,16,60552304364879872,144115188076380160,-8935141660703064064,5188146770730811392,2305843009213693952,70368744177664,1,0.0000000000000000
281474978636288,258,132,2097160,32,16,142991487192268800,144115188075855873,17592186044416,5188146770730811392,2305843009213693952,1152921504606846976,1,1.0000000000000000
1925632,258,132,2097160,32,16,107244165150015488,144115188075855873,17592186044416,5188146770730811392,2305843009213693952,1152921504606846976,0,0.0000000000000000
1925632,258,34359738372,2097160,32,16,107244165150015488,144115188075855873,17592186044416,5188146770730811392,2305843009213693952,1152921504606846976,1,0.0000000000000000
1925632,258,34359738372,2097160,32,16,98272150267363328,144115188075855873,17592186044416,5188146770730811392,2305843009213693952,1152921504606846976,0,1.0000000000000000
1925632,258,34359738372,268435464,32,16,98272150267363328,144115188075855873,17592186044416,5188146770730811392,2305843009213693952,1152921504606846976,1,1.0000000000000000
1925632,258,34359738372,268435464,32,16,98237103334227968,144115188075855873,17592186044416,5188146770730811392,2305843009213693952,1152921504606846976,0,1.0000000000000000
1925632,258,576460752303423492,268435464,32,16,98237103334227968,144115188075855873,17592186044416,4611686018427387904,2305843009213693952,1152921504606846976,1,1.0000000000000000
1925632,258,576460752303423492,268435464,32,16,98236966432145408,144115188075855873,17592186044416,4611686018427387904,2305843009213693952,1152921504606846976,0,1.0000000000000000
1925632,258,576460752303423492,9,32,16,98236966432145408,144115188075855872,17592186044416,4611686018427387904,2305843009213693952,1152921504606846976,1,1.0000000000000000
1925632,258,576460752303423492,9,32,16,98236966432145408,144115188075855872,9007199254740992,4611686018427387904,2305843009213693952,1152921504606846976,0,1.0000000000000000
1925632,258,4611686018427387908,9,32,16,98236966432145408,144115188075855872,9007199254740992,0,2305843009213693952,1152921504606846976,1,1.0000000000000000
1925632,258,4,9,32,16,98236966432145408,144115188075855872,9007199254740992,0,4611686018427387904,1152921504606846976,0,1.0000000000000000
1925632,258,4,137438953480,32,16,98236966432145408,144115188075855872,9007199254740992,0,4611686018427387904,1152921504606846976,1,0.0000000000000000
1925632,258,4,137438953480,32,16,98236966432145408,144115188075855872,9007199254740992,0,67108864,1152921504606846976,0,0.0000000000000000
1925632,258,67108864,137438953480,32,16,98236966432145408,144115188075855872,9007199254740992,0,0,1152921504606846976,1,0.0000000000000000
1925632,258,67108864,137438953480,32,16,98236966432145408,144115188075855872,0,0,0,9007199254740992,0,0.0000000000000000
1925632,258,536870912,137438953480,32,16,98236965895274496,144115188075855872,0,0,0,9007199254740992,1,1.0000000000000000
1925632,258,536870912,137438953480,32,16,98236965895274496,144115188075855872,0,0,0,1152921504606846976,0,1.0000000000000000
1925632,258,536870912,18014398509481992,32,16,80222567385792512,144115188075855872,0,0,0,1152921504606846976,1,0.0000000000000000
1925632,258,536870912,18014398509481992,32,16,80222567385792512,144115188075855872,0,0,0,9007199254740992,0,0.0000000000000000
1925632,258,536870912,18295873486192640,32,16,79941092409081856,144115188075855872,0,0,0,9007199254740992,1,0.0000000000000000
4429376000,258,2214592512,72,32,16,107664178591825920,-9079256848778919936,70368744177664,5188146770730811392,2305843009213693952,1152921504606846976,1,1.0000000000000000
4295158272,258,2214592512,72,32,16,107664178591825920,144115188210073600,70368744177664,5188146770730811392,2305843009213693952,1152921504606846976,0,0.0000000000000000
4299344384,258,2214592512,72,32,16,107664178591825920,144115188210073600,70368744177664,5188146770730811392,2305843009213693952,1152921504606846976,1,0.0000000000000000
4295150080,258,2214592512,72,32,16,107664178591825920,144115188210073600,70368744177664,576460752307617792,2305843009213693952,1152921504606846976,0,0.0000000000000000
4299311616,258,2214592512,72,32,16,107664178591825920,144115188210073600,70368744177664,576460752303423488,2305843009213693952,1152921504606846976,1,0.0000000000000000
4299311616,258,2214592512,72,32,16,107664178591825920,144115188210073600,70368744177664,576460752303423488,17179869184,1152921504606846976,0,0.0000000000000000
4299311616,258,2214592512,134217736,32,16,107664178591825920,144115188075855872,70368744177664,576460752303423488,17179869184,1152921504606846976,1,0.0000000000000000
4299311616,258,2147483648,134217736,32,16,107664178591825920,144115188075855872,70368744177664,576460752303423488,67108864,1152921504606846976,0,0.0000000000000000
4299311616,258,2147483648,134217736,67108864,16,107664178591825920,144115188075855872,70368744177664,576460752303423488,0,1152921504606846976,1,0.0000000000000000
4299311616,258,2147483648,134217736,67108864,16,103160578964455424,144115188075855872,70368744177664,576460752303423488,0,4503599627370496,0,0.0000000000000000
4299311616,258,70368744177664,134217736,67108864,16,103160578964455424,144115188075855872,0,576460752303423488,0,4503599627370496,1,1.0000000000000000
4299311616,258,0,134217736,67108864,16,94223748453892096,144115188075855872,0,576460752303423488,0,4503599627370496,0,1.0000000000000000
4299311616,34,0,134217736,67108864,16,94223748453892096,144115188075855872,0,576460752303423488,0,4503599627370496,1,0.0000000000000000
4299311616,34,0,134217736,67108864,16,76244534316498944,144115188075855872,0,576460752303423488,0,4503599627370496,0,0.0000000000000000
4299311616,34,0,35184372088840,67108864,16,76209349944410112,144115188075855872,0,576460752303423488,0,4503599627370496,1,1.0000000000000000
4299311616,34,0,35184372088840,67108864,16,76209349944410112,144115188075855872,0,576460752303423488,0,8796093022208,0,1.0000000000000000
4299311616,34,0,35184372088840,134217728,16,76209349944410112,144115188075855872,0,576460752303423488,0,8796093022208,1,0.0000000000000000
4299311616,34,0,35184372088840,134217728,16,76139256078139392,144115188075855872,0,576460752303423488,0,8796093022208,0,0.0000000000000000
4299311616,1048578,0,35184372088840,134217728,16,76139256078139392,144115188075855872,0,576460752303423488,0,8796093022208,1,0.0000000000000000
4299311616,1048578,0,274877906952,134217728,16,76138981200232448,144115188075855872,0,576460752303423488,0,8796093022208,0,0.0000000000000000
4299311616,1048578,0,274877906952,134217728,4096,76138981200232448,144115188075855872,0,576460752303423488,0,8796093022208,1,1.0000000000000000
4299311616,1048578,0,274877906952,134217728,4096,76138981200232448,144115188075855872,0,576460752303423488,0,4398046511104,0,1.0000000000000000
4299311616,68719476738,0,274877906952,134217728,4096,76138981200232448,144115188075855872,0,576460752303423488,0,4398046511104,1,0.0000000000000000
652800,262400,16908288,72,32,16,48785330924421120,144115188075855873,-8935141660703064064,5188146770730811392,2305843009213693952,1152921504606846976,0,1.5849625007211562
652800,262400,1073872896,72,32,16,48785330924421120,144115188075855873,-8935141660703064064,5188146770730811392,2305843009213693952,1152921504606846976,1,0.0000000000000000
652800,262400,1073872896,72,32,16,12756533905457152,180143985094819840,-8935141660703064064,5188146770730811392,2305843009213693952,1152921504606846976,0,0.0000000000000000
652800,262400,68719607808,72,32,16,12756533905457152,180143985094819840,-8935141660703064064,5188146770730811392,2305843009213693952,1152921504606846976,1,0.0000000000000000
652800,262400,68719607808,72,32,16,12756533905457152,180143985094819840,288230376285929472,5188146770730811392,2305843009213693952,1152921504606846976,0,0.0000000000000000
652800,262400,68853694464,72,32,16,12756533905457152,180143985094819840,288230376151711744,5188146770730811392,2305843009213693952,1152921504606846976,1,0.0000000000000000
652800,262400,68853694464,72,32,16,12756533905457152,180143985094819840,288230376151711744,576460752307617792,2305843009213693952,1152921504606846976,0,0.0000000000000000
4838912,262400,68853694464,72,32,16,12756533905457152,180143985094819840,288230376151711744,576460752303423488,2305843009213693952,1152921504606846976,1,0.0000000000000000
4838912,262400,68853694464,72,32,16,12756533905457152,180143985094819840,288230376151711744,576460752303423488,17179869184,1152921504606846976,0,0.0000000000000000
4838912,262400,68853694464,72,9007199254740992,16,3749334650716160,180143985094819840,288230376151711744,576460752303423488,17179869184,1152921504606846976,1,0.0000000000000000
35765248,258,132,34368126976,32,16,139066230681108480,144115188075855873,-8935141660703064064,5188146770730811392,2305843009213693952,1152921504606846976,0,0
35765248,258,132,276824064,32,16,139066230681108480,144115188075855873,-8935141660703064064,5188146770730811392,2305843009213693952,1152921504606846976,1,0.0000000000000000
35765248,258,132,276824064,32,16,121051832171626496,144115188075855873,306244774661193728,5188146770730811392,2305843009213693952,1152921504606846976,0,0.0000000000000000
35765248,258,67108992,276824064,32,16,121051832171626496,144115188075855873,306244774661193728,5188146770730811392,2305843009213693952,1152921504606846976,1,1.0000000000000000
35765248,258,67108992,276824064,32,16,121051832171626496,144115188075855873,18023194602504192,5188146770730811392,2305843009213693952,1152921504606846976,0,0.0000000000000000
35765248,258,34426847232,276824064,32,16,121051832171626496,144115188075855873,18023194602504192,5188146770730811392,2305843009213693952,1152921504606846976,1,0.0000000000000000
35765248,258,67108864,276824064,32,16,121051832171626496,144115188075855873,18014432869220352,5188146770730811392,2305843009213693952,1152921504606846976,0,1.0000000000000000
35765248,258,67108864,34368126976,32,16,121051832171626496,144115188075855873,18014398509481984,5188146770730811392,2305843009213693952,1152921504606846976,1,1.0000000000000000
35765248,258,67108864,8388608,32,16,121034274345320448,144115188075855873,18014398509481984,5188146770730811392,2305843009213693952,1152921504606846976,0,1.0000000000000000
35765248,258,68719476736,8388608,32,16,121034274345320448,144115188075855873,18014398509481984,5188146770730811392,2305843009213693952,1152921504606846976,1,1.0000000000000000
35765248,258,68719476736,8388608,32,16,121034274345320448,144115188075855873,18014398509481984,5188146770730811392,2305843009213693952,4503599627370496,0,1.0000000000000000
35765248,258,68719476736,137438953472,32,16,121034274345320448,144115188075855873,18014398509481984,5188146770730811392,2305843009213693952,4503599627370496,1,1.0000000000000000
35765248,258,68719476736,0,32,16,121034274345320448,144115188075855873,137438953472,5188146770730811392,2305843009213693952,4503599627370496,0,1.0000000000000000
35765248,258,8589934592,0,32,16,121034274345320448,144115188075855873,137438953472,5188146770730811392,2305843009213693952,4503599627370496,1,1.0000000000000000
35765248,258,8589934592,0,32,16,121034274345320448,144115188075855873,8796093022208,5188146770730811392,2305843009213693952,4503599627370496,0,1.0000000000000000
35765248,258,144115188075855872,0,32,16,121034274345320448,1,8796093022208,5188146770730811392,2305843009213693952,4503599627370496,1,1.0000000000000000
35765248,258,0,0,32,16,264023562514333696,1,8796093022208,5188146770730811392,2305843009213693952,4503599627370496,0,1.0000000000000000
35765248,258,0,0,4294967296,16,264023562514333696,1,8796093022208,5188146770730811392,2305843009213693952,4503599627370496,1,1.0000000000000000
35765248,258,0,0,4294967296,16,264023562514333696,1,8796093022208,5188146770730811392,140737488355328,4503599627370496,0,0.0000000000000000
35765248,258,0,0,9007199254740992,16,255016363259592704,1,8796093022208,5188146770730811392,140737488355328,4503599627370496,1,0.0000000000000000
35765248,258,0,0,0,16,255016363259592704,1,8796093022208,585467951558164480,140737488355328,4503599627370496,0,1.0000000000000000
35895296,258,0,0,0,16,255016363259592704,1,8796093022208,585467951558164480,140737488355328,4503599627370496,1,0.0000000000000000
35862528,258,0,0,0,16,255016363259592704,1,8796093022208,585467951558164480,32768,4503599627370496,0,0.0000000000000000
35862528,34,0,0,0,16,255016363259592704,1,8796093022208,585467951558164480,32768,4503599627370496,1,0.0000000000000000
35862528,34,0,0,0,16,4830673584668016640,1,8796093022208,585467951558164480,32768,4503599627370496,0,0.0000000000000000
35862528,32770,0,0,0,16,4830673584668016640,1,8796093022208,585467951558164480,0,4503599627370496,1,1.0000000000000000
35862528,32770,0,0,0,16,4830673584668016640,1,68719476736,585467951558164480,0,4503599627370496,0,0.0000000000000000
35862528,32770,0,0,0,32,4830673584668016640,1,68719476736,585467951558164480,0,4503599627370496,1,0.0000000000000000
35862528,32770,0,0,0,32,4830673584668016640,1,68719476736,585467951558164480,0,17592186044416,0,0.0000000000000000
35862528,32770,0,0,0,64,4830673584668016640,1,68719476736,585467951558164480,0,17592186044416,1,0.0000000000000000
35862528,32770,0,0,0,64,4830673584668016640,1,68719476736,9007199271518208,0,17592186044416,0,0.0000000000000000
35862528,32770,0,0,0,128,4830673584668016640,1,68719476736,9007199271518208,0,17592186044416,1,0.0000000000000000
35862528,2,0,0,0,128,4830673584668016640,1,68719476736,9007199254773760,0,17592186044416,0,0.0000000000000000
35862528,2,0,0,0,256,4830673584668016640,1,68719476736,9007199254773760,0,17592186044416,1,0.0000000000000000
35862528,2,0,0,0,256,4830673584668016640,1,1073741824,9007199254773760,0,17592186044416,0,0.0000000000000000
260608,274886295552,16777220,72,32,16,125537840686694400,144115188075855873,288230925907525632,5188146770730811392,2305843009213693952,1152921504606846976,0,1.0000000000000000
260608,274886295552,549755813892,72,32,16,125537840686694400,144115188075855873,288230376151711744,5188146770730811392,2305843009213693952,1152921504606846976,1,0.0000000000000000
260608,274886295552,549755813892,72,32,16,116530641431953408,144115188075855873,288230376151711744,585467951558164480,2305843009213693952,1152921504606846976,0,0.0000000000000000
260608,274886295552,68719476740,72,32,16,116530641431953408,144115188075855873,288230376151711744,585467951558164480,2305843009213693952,1152921504606846976,1,0.0000000000000000
274886899200,258,132,72,32,16,107664178591825920,288230376151711745,-9223372019674906624,5188146770730811392,2305843009213693952,1152921504606846976,0,1.0000000000000000
274891085312,258,132,72,32,16,107664178591825920,288230376151711745,-9223372019674906624,5188146770730811392,2305843009213693952,1152921504606846976,1,0.0000000000000000
274891085312,258,132,72,32,16,107664178591825920,288230376420147200,-9223372019674906624,5188146770730811392,2305843009213693952,1152921504606846976,0,0.0000000000000000
275158996480,258,132,72,32,16,107664178591825920,288230376151711744,-9223372019674906624,5188146770730811392,2305843009213693952,1152921504606846976,1,0.0000000000000000
275158996480,258,132,72,32,16,107664178591825920,288230376151711744,19327352832,5188146770730811392,2305843009213693952,1152921504606846976,0,0.0000000000000000
275158996480,258,132,17179869192,32,16,107664178591825920,288230376151711744,2147483648,5188146770730811392,2305843009213693952,1152921504606846976,1,0.0000000000000000
281089536,258,132,17179869192,32,16,107664178591825920,288230376151711744,2147483648,576461027181330432,2305843009213693952,1152921504606846976,0,0.0000000000000000
2424378880,258,132,17179869192,32,16,107664178591825920,288230376151711744,0,576461027181330432,2305843009213693952,1152921504606846976,1,0.0000000000000000
2424378880,258,132,17179869192,32,16,107664178591825920,288230376151711744,0,576461027181330432,536870912,1152921504606846976,0,0.0000000000000000
2424378880,258,132,17179869192,536870912,16,107664178591825920,288230376151711744,0,576461027181330432,0,1152921504606846976,1,0.0000000000000000
2424378880,258,132,17179869192,536870912,16,103160578964455424,288230376151711744,0,576461027181330432,0,4503599627370496,0,0.0000000000000000
2424378880,258,132,17179869192,68719476736,16,103160578964455424,288230376151711744,0,576461027181330432,0,4503599627370496,1,0.0000000000000000
